"Name","Team","G","AB","PA","H","1B","2B","3B","HR","R","RBI","BB","IBB","SO","SF","SH","GDP","SB","CS","AVG","BB%","K%","BB/K","OBP","SLG","OPS","ISO","BABIP","GB/FB","LD%","GB%","FB%","IFFB%","HR/FB","wOBA","wRAA","wRC","Bat","Fld","Rep","Pos","WAR","Spd","wRC+","WPA","-WPA","+WPA","BsR","Def","wSB","UBR","Off","wGDP","Soft%","Med%","Hard%","TTO%","FRM","AVG+","BB%+","K%+","OBP+","SLG+","ISO+","BABIP+","LD+%","GB%+","FB%+","HR/FB%+","Soft%+","Med%+","Hard%+","playerid"
"Barry Bonds","Giants","143","403","612","149","70","31","2","46","117","110","198","68","47","2","0","4","9","2",".370","32.4 %","7.7 %","4.21",".582",".799","1.381",".429",".330","0.64","22.3 %","30.4 %","47.2 %","9.5 %","27.2 %",".544","110.0","184","110.1","4.3","18.6","-6.3","12.7","3.9","244","10.51","-5.90","16.40","-1.2","-2.0","0.9","-4.4","108.9","2.3","9.5 %","52.2 %","38.3 %","47.6 %","","139","347","47","171","189","273","111","105","70","135","249","64","83","171","1109"
"Jim Thome","Indians","147","480","613","146","73","19","2","52","101","118","122","18","139","6","0","5","1","2",".304","19.9 %","22.7 %","0.88",".445",".677","1.122",".373",".319","0.79","22.5 %","34.3 %","43.2 %","7.3 %","34.7 %",".461","68.3","142","67.0","-4.8","18.7","-11.5","7.3","2.2","189","6.23","-8.16","14.40","1.4","-16.3","-0.7","-1.1","68.4","3.2","12.1 %","48.4 %","39.5 %","51.1 %","","115","236","140","134","159","232","109","106","81","119","324","83","78","172","409"
"Manny Ramirez","Red Sox","120","436","518","152","88","31","0","33","84","107","73","14","85","1","0","13","0","0",".349","14.1 %","16.4 %","0.86",".450",".647","1.097",".298",".373","1.47","25.0 %","44.6 %","30.4 %","6.5 %","30.8 %",".459","57.1","119","54.4","-5.0","15.8","-8.4","5.3","1.2","185","3.47","-8.21","11.67","-5.4","-13.4","0.0","-3.9","48.9","-1.5","9.9 %","55.1 %","34.9 %","36.9 %","","132","167","101","136","152","185","128","118","105","84","289","68","88","152","210"
"Brian Giles","Pirates","153","497","644","148","68","37","5","38","95","103","135","24","74","5","0","10","15","6",".298","21.0 %","11.5 %","1.82",".450",".622","1.072",".324",".282","0.64","21.5 %","30.6 %","47.9 %","11.7 %","18.5 %",".444","62.7","140","59.4","-6.3","19.6","-6.6","6.9","4.7","174","6.30","-9.44","15.74","1.3","-12.8","0.4","-1.3","60.7","2.2","12.9 %","57.1 %","30.0 %","38.4 %","","112","225","70","133","147","206","95","101","70","137","170","87","91","134","990"
"Jason Giambi","Yankees","155","560","689","176","100","34","1","41","120","122","109","4","112","5","0","18","2","2",".314","15.8 %","16.3 %","0.97",".435",".598","1.034",".284",".328","0.70","24.9 %","30.9 %","44.2 %","12.5 %","20.5 %",".440","64.9","148","63.7","-2.5","21.0","-13.5","6.6","2.7","175","5.78","-10.20","15.98","-5.5","-16.0","-0.5","-5.2","58.2","0.2","13.9 %","51.8 %","34.3 %","38.0 %","","119","188","100","131","141","176","112","118","73","122","192","95","83","150","818"
"Larry Walker","Rockies","136","477","553","161","91","40","4","26","95","104","65","6","73","4","0","8","6","5",".338","11.8 %","13.2 %","0.89",".421",".602","1.023",".264",".353","1.36","22.7 %","44.6 %","32.8 %","11.3 %","19.5 %",".433","49.0","115","34.3","3.4","16.8","-6.1","5.4","4.5","150","5.93","-7.79","13.72","4.1","-2.7","-0.9","3.5","38.4","1.5","10.3 %","60.2 %","29.6 %","29.7 %","","127","126","81","124","142","168","119","106","102","94","179","69","96","132","455"
"Alex Rodriguez","Rangers","162","624","725","187","101","27","2","57","125","142","87","12","122","4","0","14","9","4",".300","12.0 %","16.8 %","0.71",".392",".623","1.015",".324",".290","0.89","17.7 %","38.7 %","43.7 %","10.5 %","25.9 %",".424","58.9","146","51.4","12.5","22.1","7.2","10.0","4.0","158","4.28","-12.07","16.35","4.7","19.6","0.1","2.4","56.1","2.2","13.5 %","55.1 %","31.5 %","36.7 %","","113","143","104","118","147","201","99","83","91","120","243","92","88","137","1274"
"Todd Helton","Rockies","156","553","668","182","109","39","4","30","107","109","99","21","91","10","0","10","5","1",".329","14.8 %","13.6 %","1.09",".429",".577","1.006",".248",".344","0.94","28.8 %","34.5 %","36.7 %","6.4 %","17.3 %",".421","52.3","133","34.5","11.7","20.4","-11.5","5.5","4.2","141","2.68","-10.44","13.12","-1.7","0.2","0.5","-3.3","32.9","1.1","11.7 %","61.7 %","26.7 %","32.9 %","","124","159","83","126","136","158","116","135","79","105","159","79","98","119","432"
"Vladimir Guerrero","Expos","161","614","709","206","128","37","2","39","106","111","84","32","70","5","0","20","40","20",".336","11.8 %","9.9 %","1.20",".417",".593","1.010",".257",".327","1.23","23.2 %","42.3 %","34.5 %","12.7 %","20.6 %",".419","54.5","140","48.4","6.3","21.6","-7.2","7.1","4.9","155","6.45","-11.80","18.25","0.8","-0.9","-0.5","3.4","49.3","-2.1","13.3 %","58.2 %","28.5 %","27.2 %","","126","127","60","123","140","164","110","109","97","99","189","90","93","127","778"
"Sammy Sosa","Cubs","150","556","666","160","90","19","2","49","122","108","103","15","144","4","0","14","2","0",".288","15.5 %","21.6 %","0.72",".399",".594",".993",".306",".302","1.09","19.2 %","42.1 %","38.7 %","14.3 %","30.4 %",".416","49.3","129","47.8","-13.4","20.3","-6.7","5.1","3.3","157","2.46","-10.70","13.17","1.2","-20.1","0.4","1.1","48.9","-0.3","12.5 %","55.3 %","32.2 %","44.4 %","","108","166","132","118","140","195","102","90","96","111","279","84","88","144","302"
"Magglio Ordonez","White Sox","153","590","654","189","103","47","1","38","116","135","53","2","77","3","0","21","7","5",".320","8.1 %","11.8 %","0.69",".381",".597",".978",".276",".316","1.13","20.9 %","41.9 %","37.2 %","9.4 %","19.8 %",".415","48.3","127","44.0","-12.7","19.9","-6.7","4.5","3.6","155","1.19","-11.39","12.57","-1.7","-19.4","-0.7","0.0","42.3","-1.0","12.2 %","61.8 %","26.0 %","25.7 %","","121","96","72","115","140","172","108","99","99","102","185","84","99","113","248"
"Mike Sweeney","Royals","126","471","545","160","104","31","1","24","81","86","61","10","46","7","0","9","9","7",".340","11.2 %","8.4 %","1.33",".417",".563",".979",".223",".333","1.06","20.8 %","40.7 %","38.4 %","13.9 %","14.5 %",".415","40.2","106","34.3","1.7","16.6","-10.1","4.5","3.4","151","4.70","-8.26","12.95","0.7","-8.4","-1.2","2.0","35.1","-0.1","16.9 %","56.5 %","26.6 %","24.0 %","","129","133","52","126","132","139","114","98","96","106","135","116","90","116","634"
"Jim Edmonds","Cardinals","144","476","576","148","87","31","2","28","96","83","86","14","134","6","0","9","4","3",".311","14.9 %","23.3 %","0.64",".420",".561",".981",".250",".375","0.92","27.2 %","35.0 %","37.9 %","2.3 %","21.4 %",".414","42.1","111","40.8","6.6","17.5","2.0","6.7","3.7","157","3.43","-8.54","11.98","-1.2","8.6","-0.5","-2.2","39.6","1.5","6.9 %","56.4 %","36.7 %","43.1 %","","117","160","142","124","133","159","127","127","80","108","196","47","90","164","1153"
"Chipper Jones","Braves","158","548","662","179","117","35","1","26","90","100","107","23","89","5","0","18","8","2",".327","16.2 %","13.4 %","1.20",".435",".536",".972",".210",".349","1.24","25.1 %","41.5 %","33.5 %","7.1 %","16.8 %",".412","46.9","126","44.1","-0.4","20.2","-6.9","5.9","3.4","153","4.36","-10.09","14.45","0.5","-7.3","0.7","0.6","44.6","-0.8","10.3 %","62.7 %","26.9 %","33.5 %","","123","173","82","128","127","134","118","117","95","96","154","70","100","120","97"
"Lance Berkman","Astros","158","578","692","169","90","35","2","42","106","128","107","20","118","3","0","10","8","4",".292","15.5 %","17.1 %","0.91",".405",".578",".982",".285",".302","1.01","20.8 %","39.7 %","39.5 %","7.7 %","23.1 %",".411","48.9","132","42.5","-6.4","21.1","-0.5","6.1","3.6","149","5.37","-9.56","14.93","2.6","-6.9","-0.1","0.7","45.1","2.0","12.6 %","53.3 %","34.2 %","38.6 %","","110","166","104","119","137","182","102","98","91","113","211","85","85","153","548"
"Albert Pujols","Cardinals","157","590","675","185","109","40","2","34","118","127","72","13","69","4","0","20","2","4",".314","10.7 %","10.2 %","1.04",".394",".561",".955",".247",".308","1.20","21.8 %","42.7 %","35.5 %","14.0 %","18.3 %",".404","43.6","125","42.1","-4.7","20.6","-5.4","5.4","3.1","150","4.18","-10.39","14.58","0.5","-10.2","-1.3","2.1","42.6","-0.3","12.6 %","60.1 %","27.3 %","25.9 %","","118","114","63","116","133","157","104","102","98","102","167","85","96","122","1177"
"Rafael Palmeiro","Rangers","155","546","663","149","72","34","0","43","99","105","104","16","94","7","0","10","2","0",".273","15.7 %","14.2 %","1.11",".391",".571",".962",".299",".255","0.49","23.3 %","25.3 %","51.4 %","11.9 %","18.2 %",".402","41.8","121","34.9","2.4","20.2","-13.1","4.5","2.2","143","3.91","-11.09","15.00","-1.9","-10.7","0.4","-3.1","32.9","0.8","14.6 %","54.3 %","31.2 %","36.4 %","","103","186","87","118","134","186","87","110","60","142","171","100","87","136","1266"
"Carlos Delgado","Blue Jays","143","505","628","140","71","34","2","33","103","108","102","18","126","8","0","8","1","0",".277","16.2 %","20.1 %","0.81",".406",".549",".955",".271",".302","0.77","19.4 %","35.1 %","45.5 %","8.0 %","18.8 %",".401","38.9","114","34.6","1.4","19.1","-10.9","4.3","3.0","145","2.93","-9.53","12.46","-3.5","-9.5","0.2","-5.0","31.1","1.3","12.7 %","61.2 %","26.1 %","41.6 %","","105","193","123","122","129","169","103","91","83","125","176","87","98","114","1297"
"Bobby Abreu","Phillies","157","572","685","176","100","50","6","20","102","85","104","9","117","6","0","11","31","12",".308","15.2 %","17.1 %","0.89",".413",".521",".934",".213",".354","1.30","23.9 %","43.1 %","33.0 %","4.0 %","13.2 %",".401","42.4","125","40.7","-7.0","20.9","-6.1","5.2","6.1","148","5.15","-10.81","15.97","2.1","-13.1","1.1","0.1","42.8","0.9","7.8 %","61.5 %","30.7 %","35.2 %","","116","163","105","122","123","136","119","112","99","95","121","53","98","137","945"
"Gary Sheffield","Braves","135","492","579","151","100","26","0","25","82","84","72","2","53","4","0","16","12","2",".307","12.4 %","9.2 %","1.36",".404",".512",".916",".205",".301","1.07","17.8 %","42.4 %","39.7 %","15.9 %","14.2 %",".398","34.6","104","32.1","0.8","17.6","-6.1","4.8","3.8","144","5.45","-8.39","13.85","2.5","-5.3","1.5","1.5","34.6","-0.5","15.7 %","53.7 %","30.6 %","25.9 %","","115","133","56","119","121","131","102","84","97","114","130","106","86","137","114"
"Jeff Kent","Giants","152","623","682","195","114","42","2","37","102","108","52","3","101","3","0","20","5","1",".313","7.6 %","14.8 %","0.51",".368",".565",".933",".252",".324","0.87","23.4 %","35.6 %","41.0 %","6.0 %","17.2 %",".397","40.3","122","40.3","1.6","20.8","1.6","6.7","3.8","147","4.76","-11.60","16.36","0.9","3.1","0.5","0.6","41.3","-0.2","9.5 %","61.9 %","28.6 %","27.9 %","","118","82","91","108","134","160","109","110","81","117","158","64","99","127","1119"
"Bernie Williams","Yankees","154","612","699","204","146","37","2","19","102","102","83","7","97","1","0","19","8","4",".333","11.9 %","13.9 %","0.86",".415",".493",".908",".160",".372","1.93","23.8 %","50.2 %","26.0 %","5.2 %","14.2 %",".396","40.4","124","39.3","-17.0","21.3","1.5","4.9","3.7","146","5.43","-10.05","15.47","1.6","-15.5","-0.1","1.6","40.8","0.1","12.8 %","60.7 %","26.5 %","28.5 %","","126","141","85","125","116","100","127","112","118","71","133","87","97","116","857"
"Jeff Bagwell","Astros","158","571","691","166","100","33","2","31","94","98","101","8","130","9","0","16","7","3",".291","14.6 %","18.8 %","0.78",".401",".518",".919",".228",".322","0.91","23.3 %","36.4 %","40.2 %","7.2 %","17.1 %",".394","39.0","122","32.7","3.1","21.1","-12.0","4.8","3.5","138","2.64","-11.16","13.80","2.1","-8.9","0.1","2.2","34.7","-0.2","8.7 %","60.7 %","30.7 %","37.9 %","","109","157","115","118","123","145","109","109","83","115","157","58","97","137","547"
"Shawn Green","Dodgers","158","582","685","166","92","31","1","42","110","114","93","22","112","5","0","26","8","5",".285","13.6 %","16.4 %","0.83",".385",".558",".944",".273",".286","1.72","19.2 %","51.2 %","29.7 %","5.7 %","29.8 %",".394","38.5","121","40.4","-3.0","20.9","-7.3","4.9","3.5","147","3.69","-10.74","14.43","-3.7","-10.3","-0.5","0.3","36.6","-3.5","11.4 %","60.7 %","27.9 %","36.1 %","","107","145","100","113","132","174","97","90","117","85","273","77","97","125","651"
"Ryan Klesko","Padres","146","540","625","162","93","39","1","29","90","95","76","11","86","4","1","7","6","2",".300","12.2 %","13.8 %","0.88",".388",".537",".925",".237",".310","1.03","22.7 %","39.3 %","38.0 %","12.1 %","16.7 %",".393","34.6","110","36.5","-5.4","19.0","-9.6","4.6","3.5","147","4.51","-9.30","13.82","3.8","-15.1","0.3","0.6","40.3","2.9","12.0 %","61.2 %","26.8 %","30.6 %","","113","130","84","114","127","151","105","106","90","109","153","81","98","120","1041"
"Pat Burrell","Phillies","157","586","684","165","87","39","2","37","96","116","89","9","153","6","0","16","1","0",".282","13.0 %","22.4 %","0.58",".376",".544",".920",".263",".318","0.72","21.9 %","32.8 %","45.3 %","12.1 %","18.6 %",".390","36.1","118","34.3","-3.7","20.8","-7.1","4.4","2.6","140","2.77","-13.45","16.22","-2.0","-10.8","0.2","-2.0","32.3","-0.2","13.7 %","48.5 %","37.8 %","40.8 %","","106","139","137","111","129","167","107","103","75","130","170","92","77","169","949"
"Cliff Floyd","- - -","146","520","609","150","79","43","0","28","86","79","76","19","106","3","0","6","15","5",".288","12.5 %","17.4 %","0.72",".388",".533",".920",".244",".314","1.19","23.7 %","41.5 %","34.8 %","14.5 %","19.3 %",".387","31.0","104","29.3","-10.9","18.6","-7.5","3.7","3.8","139","1.45","-10.56","12.01","5.7","-18.4","0.9","2.6","35.0","2.2","14.6 %","50.5 %","34.9 %","34.5 %","","109","137","107","115","126","154","106","112","96","99","178","99","81","154","518"
"Luis Gonzalez","Diamondbacks","148","524","633","151","101","19","3","28","90","103","97","8","76","7","0","12","9","2",".288","15.3 %","12.0 %","1.28",".400",".496",".896",".208",".288","0.95","21.5 %","38.2 %","40.2 %","14.2 %","15.3 %",".387","31.8","108","24.9","9.8","19.3","-6.4","5.2","4.3","131","2.91","-9.85","12.76","3.3","3.4","0.9","0.0","28.2","2.4","15.6 %","60.7 %","23.7 %","31.8 %","","108","164","73","118","117","132","97","101","87","115","140","105","97","106","55"
"Ellis Burks","Indians","138","518","570","156","96","28","0","32","92","91","44","3","108","1","1","13","2","3",".301","7.7 %","18.9 %","0.41",".362",".541",".903",".239",".327","1.42","19.2 %","47.4 %","33.3 %","11.7 %","23.4 %",".386","28.5","97","27.3","-0.3","17.4","-13.9","3.1","2.4","139","4.26","-8.20","12.45","-1.5","-14.2","-0.9","-1.1","25.8","0.5","15.6 %","54.0 %","30.4 %","32.3 %","","114","92","117","109","127","149","112","91","112","92","219","107","86","133","372"
"John Olerud","Mariners","154","553","668","166","105","39","0","22","85","102","98","6","66","12","0","19","0","0",".300","14.7 %","9.9 %","1.48",".403",".490",".893",".190",".302","1.21","21.0 %","43.3 %","35.7 %","8.4 %","12.4 %",".386","33.2","113","35.8","-0.5","20.4","-11.5","4.5","1.1","144","4.27","-10.17","14.44","-1.2","-12.0","-0.1","-0.3","34.7","-0.8","10.5 %","62.4 %","27.0 %","27.8 %","","114","174","61","121","115","118","103","99","102","98","116","72","100","118","1093"
"Mark Bellhorn","Cubs","146","445","529","115","60","24","4","27","86","56","76","3","144","0","2","6","7","5",".258","14.4 %","27.2 %","0.53",".374",".512",".886",".254",".321","0.76","18.7 %","35.1 %","46.2 %","13.0 %","19.6 %",".382","24.7","88","23.5","-5.0","16.1","1.1","3.9","5.1","135","0.76","-8.90","9.66","1.8","-4.0","-0.7","2.3","25.2","0.2","15.5 %","54.5 %","30.0 %","46.7 %","","97","154","167","110","121","162","108","88","80","132","179","105","87","134","264"
"Tim Salmon","Angels","138","483","568","138","78","37","1","22","84","88","71","3","102","7","0","6","6","3",".286","12.5 %","18.0 %","0.70",".380",".503",".883",".217",".317","0.81","23.5 %","34.3 %","42.3 %","9.1 %","13.4 %",".381","25.7","94","24.5","-2.7","17.3","-7.2","3.3","3.7","135","3.53","-9.12","12.65","-0.9","-9.9","-0.1","-2.5","23.6","1.7","11.9 %","61.3 %","26.8 %","34.3 %","","108","148","111","115","118","135","108","111","81","116","126","81","98","117","32"
"Mike Piazza","Mets","135","478","541","134","76","23","2","33","69","98","57","9","82","3","0","26","0","3",".280","10.5 %","15.2 %","0.70",".359",".544",".903",".264",".276","1.05","20.8 %","40.6 %","38.6 %","18.8 %","21.4 %",".381","24.5","89","24.1","0.0","16.5","8.0","4.6","2.1","136","0.07","-10.92","10.99","-3.9","8.0","-1.3","0.6","20.3","-3.2","13.3 %","60.4 %","26.3 %","31.8 %","","105","113","93","106","129","168","93","98","93","111","196","90","96","117","893"
"Jose Vidro","Expos","152","604","681","190","125","43","3","19","103","96","60","1","70","3","11","12","2","1",".315","8.8 %","10.3 %","0.86",".378",".490",".868",".175",".330","1.64","20.8 %","49.2 %","30.0 %","8.8 %","11.9 %",".377","28.9","111","23.0","-7.9","20.7","2.3","4.3","3.6","127","4.13","-11.08","15.21","3.8","-5.6","-0.1","3.6","26.9","0.3","16.4 %","60.1 %","23.5 %","21.9 %","","118","94","63","111","116","112","111","98","112","86","109","111","96","105","802"
"Andruw Jones","Braves","154","560","659","148","79","34","0","35","91","94","83","4","135","6","0","14","8","3",".264","12.6 %","20.5 %","0.61",".366",".513",".878",".248",".285","1.11","20.2 %","42.0 %","37.8 %","13.5 %","21.5 %",".377","27.8","107","24.9","15.7","20.1","2.2","6.3","3.1","130","1.76","-11.84","13.60","-1.4","18.0","0.3","-1.3","23.5","-0.4","14.9 %","57.8 %","27.4 %","38.4 %","","99","135","125","108","121","158","96","95","96","108","197","100","92","122","96"
"Junior Spivey","Diamondbacks","143","538","626","162","106","34","6","16","103","78","65","5","100","6","1","10","11","6",".301","10.4 %","16.0 %","0.65",".389",".476",".865",".175",".341","1.15","20.5 %","42.6 %","36.9 %","10.4 %","9.8 %",".376","25.9","101","19.1","0.2","19.1","2.1","4.3","5.7","124","2.77","-9.33","12.10","1.6","2.4","-0.4","0.9","20.7","1.1","13.5 %","59.5 %","27.0 %","28.9 %","","113","111","98","114","112","111","115","96","97","106","89","91","95","121","74"
"Derrek Lee","Marlins","162","581","688","157","88","35","7","27","95","86","98","8","164","4","0","14","19","9",".270","14.2 %","23.8 %","0.60",".378",".494",".872",".224",".330","0.87","24.5 %","35.2 %","40.4 %","11.2 %","15.9 %",".375","28.0","111","27.8","-3.5","21.0","-12.4","3.5","5.7","132","4.02","-11.49","15.52","0.6","-15.9","0.0","0.6","28.3","0.0","7.9 %","57.1 %","35.0 %","42.0 %","","102","153","146","111","117","142","111","115","80","116","145","53","91","156","525"
"Alfonso Soriano","Yankees","156","696","741","209","117","51","2","39","128","102","23","1","157","7","1","8","41","13",".300","3.1 %","21.2 %","0.15",".332",".547",".880",".247",".335","0.80","23.5 %","34.0 %","42.5 %","10.0 %","16.9 %",".374","29.2","118","28.0","-7.0","22.6","2.3","5.6","6.8","131","1.94","-12.71","14.65","7.8","-4.8","2.7","3.8","35.8","1.3","14.4 %","56.7 %","28.9 %","29.6 %","","114","37","130","100","129","154","115","111","80","117","158","99","91","126","847"
"Raul Ibanez","Royals","137","497","544","146","79","37","6","24","70","103","40","5","76","4","1","11","5","3",".294","7.4 %","14.0 %","0.53",".346",".537",".883",".243",".304","1.07","20.3 %","41.3 %","38.4 %","11.0 %","14.7 %",".374","21.5","87","15.6","0.5","16.6","-9.5","2.3","4.5","123","3.06","-10.46","13.53","-1.7","-9.0","-0.3","-1.0","13.9","-0.4","12.7 %","60.6 %","26.8 %","25.7 %","","111","87","86","104","126","151","104","96","97","106","138","87","97","117","607"
"Adam Dunn","Reds","158","535","676","133","77","28","2","26","84","71","128","13","170","3","1","8","19","9",".249","18.9 %","25.1 %","0.75",".400",".454",".854",".206",".313","0.98","21.5 %","38.9 %","39.7 %","16.4 %","17.8 %",".373","26.5","108","21.3","3.8","20.6","-8.2","4.1","4.4","125","1.50","-11.04","12.54","2.5","-4.4","0.0","0.2","23.8","2.3","12.5 %","59.6 %","27.9 %","47.9 %","","94","203","154","118","107","131","106","101","89","114","163","84","95","125","319"
"Nomar Garciaparra","Red Sox","156","635","693","197","112","56","5","24","101","120","41","4","63","11","0","17","5","2",".310","5.9 %","9.1 %","0.65",".352",".528",".880",".217",".309","0.72","24.0 %","31.7 %","44.3 %","11.2 %","9.3 %",".373","27.0","110","23.3","-8.6","21.1","6.9","4.8","4.4","127","1.66","-11.34","12.99","2.5","-1.7","0.1","2.7","25.9","-0.3","12.5 %","61.2 %","26.3 %","18.5 %","","117","70","56","106","124","135","106","113","75","122","87","86","98","115","190"
"Steve Finley","Diamondbacks","150","505","577","145","92","24","4","25","82","89","65","7","73","3","1","10","16","4",".287","11.3 %","12.7 %","0.89",".370",".499",".869",".212",".293","1.13","20.0 %","42.4 %","37.5 %","18.0 %","15.5 %",".373","22.3","92","16.1","0.1","17.6","2.0","4.2","5.4","122","2.78","-9.71","12.49","4.8","2.1","1.5","2.8","20.9","0.5","15.1 %","57.3 %","27.5 %","28.3 %","","108","121","77","109","118","135","99","94","97","108","142","102","91","123","54"
"Richie Sexson","Brewers","157","570","652","159","91","37","2","29","86","102","70","7","136","4","0","17","0","0",".279","10.7 %","20.9 %","0.51",".363",".504",".867",".225",".318","1.33","21.2 %","45.0 %","33.8 %","6.8 %","19.6 %",".372","24.6","103","21.2","0.6","19.9","-11.5","2.9","2.0","126","1.40","-11.97","13.37","-2.7","-10.9","0.0","-1.6","18.4","-1.1","12.3 %","58.0 %","29.7 %","36.0 %","","105","115","128","107","119","143","107","100","103","97","179","83","92","132","709"
"Miguel Tejada","Athletics","162","662","715","204","140","30","0","34","108","131","38","3","84","4","0","21","7","2",".308","5.3 %","11.7 %","0.45",".354",".508",".861",".199",".310","1.26","18.7 %","45.4 %","35.9 %","13.9 %","16.3 %",".371","26.5","112","25.9","-16.1","21.8","7.3","4.5","3.5","129","5.04","-11.46","16.50","3.6","-8.8","0.5","4.1","29.5","-1.0","14.1 %","58.1 %","27.8 %","21.8 %","","117","63","72","107","119","124","106","88","107","99","152","96","93","121","941"
"Edgardo Alfonzo","Mets","135","490","562","151","109","26","0","16","78","56","62","8","55","3","0","5","6","0",".308","11.0 %","9.8 %","1.13",".391",".459",".851",".151",".320","0.71","24.4 %","31.3 %","44.3 %","10.8 %","8.2 %",".371","20.8","88","20.5","6.9","17.1","2.0","5.3","3.5","129","3.32","-8.71","12.03","5.8","8.8","1.2","2.6","26.2","2.0","17.3 %","61.5 %","21.2 %","23.7 %","","116","118","60","115","109","96","108","115","71","127","76","117","98","95","859"
"Scott Rolen","- - -","155","580","667","154","86","29","8","31","89","110","72","4","102","3","0","22","8","4",".266","10.8 %","15.3 %","0.71",".357",".503",".860",".238",".273","0.82","19.1 %","36.4 %","44.5 %","13.1 %","14.5 %",".370","24.2","104","22.6","22.6","20.3","2.3","6.5","5.1","127","3.42","-12.90","16.32","-3.9","24.9","-0.1","-1.1","18.6","-2.7","15.2 %","57.7 %","27.1 %","30.7 %","","100","116","94","105","119","151","92","90","83","127","133","103","92","121","970"
"Paul Konerko","White Sox","151","570","630","173","116","30","0","27","81","104","44","2","72","7","0","17","0","0",".304","7.0 %","11.4 %","0.61",".359",".498",".857",".195",".305","1.18","20.8 %","42.9 %","36.3 %","12.6 %","14.8 %",".369","22.6","98","18.5","-4.4","19.2","-11.1","1.8","1.3","124","0.86","-9.91","10.77","-6.9","-15.4","0.0","-5.0","11.6","-1.9","11.9 %","60.1 %","28.0 %","22.7 %","","115","83","70","108","117","121","104","98","101","100","138","81","96","122","242"
"Fred McGriff","Cubs","146","523","595","143","84","27","2","30","67","103","63","6","99","5","0","13","1","2",".273","10.6 %","16.6 %","0.64",".353",".505",".858",".231",".283","0.87","16.8 %","38.7 %","44.5 %","8.4 %","15.7 %",".366","19.8","91","18.5","-0.9","18.1","-10.1","2.4","1.9","125","4.28","-10.46","14.74","-2.9","-11.0","-0.7","-1.9","15.6","-0.3","12.4 %","54.6 %","33.1 %","32.3 %","","103","113","102","104","119","147","96","79","88","128","144","83","87","148","293"
"Torii Hunter","Twins","148","561","604","162","92","37","4","29","89","94","35","3","118","3","0","17","23","8",".289","5.8 %","19.5 %","0.30",".334",".524",".859",".235",".319","1.59","17.0 %","50.9 %","32.1 %","11.2 %","20.3 %",".366","19.8","92","16.6","3.0","18.4","2.0","4.2","6.0","122","-0.64","-12.97","12.33","0.2","5.0","1.2","0.6","16.8","-1.6","14.6 %","52.2 %","33.2 %","30.1 %","","109","69","120","101","123","146","109","80","120","88","190","100","84","145","731"
"Eric Hinske","Blue Jays","151","566","650","158","94","38","2","24","99","84","77","5","138","5","0","12","13","1",".279","11.8 %","21.2 %","0.56",".365",".481",".845",".201",".328","1.08","22.6 %","40.2 %","37.2 %","8.7 %","14.9 %",".365","21.0","99","16.5","2.4","19.8","2.2","4.8","5.1","121","3.83","-9.65","13.48","5.2","4.6","2.1","2.3","21.7","0.8","12.5 %","62.6 %","24.9 %","36.8 %","","106","141","131","110","113","125","112","107","95","102","140","85","100","109","1305"
"Jacque Jones","Twins","149","577","626","173","107","37","2","27","96","85","37","2","129","6","4","8","6","7",".300","5.9 %","20.6 %","0.29",".341",".511",".852",".211",".342","2.14","20.0 %","54.5 %","25.5 %","7.1 %","23.9 %",".364","19.8","95","16.4","17.6","19.1","-6.1","5.0","3.8","121","2.71","-10.07","12.78","0.8","11.5","-1.8","2.4","17.3","0.2","14.2 %","57.4 %","28.4 %","30.8 %","","113","70","127","103","120","131","117","95","128","70","224","97","92","124","735"
"Eric Chavez","Athletics","153","585","653","161","93","31","3","34","87","109","65","13","119","2","0","8","8","3",".275","10.0 %","18.2 %","0.55",".348",".513",".860",".238",".293","0.80","20.3 %","35.5 %","44.2 %","16.4 %","16.4 %",".364","20.3","99","19.7","11.0","19.9","1.2","5.7","4.1","125","2.37","-11.01","13.38","2.9","12.2","0.3","0.4","22.6","2.2","15.2 %","56.2 %","28.6 %","33.4 %","","104","118","112","105","121","148","100","96","84","122","154","104","90","125","906"
"Garret Anderson","Angels","158","638","678","195","107","56","3","29","93","123","30","11","80","10","0","11","6","4",".306","4.4 %","11.8 %","0.38",".332",".539",".871",".234",".308","0.96","24.0 %","37.2 %","38.8 %","6.8 %","13.2 %",".364","21.1","103","19.6","-1.1","20.7","-7.0","3.7","3.8","123","1.84","-11.70","13.54","2.8","-8.1","-0.5","0.5","22.4","2.8","9.5 %","60.9 %","29.7 %","20.5 %","","116","53","73","100","127","145","105","113","88","107","123","65","97","129","2"
"Carlos Beltran","Royals","162","637","722","174","94","44","7","29","114","105","71","1","135","7","3","12","35","7",".273","9.8 %","18.7 %","0.53",".346",".501",".847",".228",".302","1.36","20.1 %","46.0 %","33.9 %","8.9 %","17.2 %",".364","22.4","109","14.7","7.1","22.0","0.9","5.4","7.2","117","1.87","-13.36","15.23","6.6","8.1","4.0","2.2","21.3","0.4","11.9 %","61.5 %","26.6 %","32.6 %","","103","117","115","104","118","141","103","95","108","93","161","82","99","116","589"
"Carlos Lee","White Sox","140","492","576","130","76","26","2","26","82","80","75","4","73","7","0","5","1","4",".264","13.0 %","12.7 %","1.03",".359",".484",".843",".220",".260","0.65","23.2 %","30.3 %","46.6 %","13.2 %","13.2 %",".363","17.6","87","13.9","-8.2","17.5","-6.1","2.0","2.7","120","0.31","-8.98","9.29","0.8","-14.3","-1.5","0.1","14.7","2.2","12.4 %","62.7 %","24.9 %","30.2 %","","100","155","78","108","114","136","89","109","71","128","124","85","100","109","243"
"Brad Wilkerson","Expos","153","507","603","135","80","27","8","20","92","59","81","7","161","4","6","5","7","8",".266","13.4 %","26.7 %","0.50",".370",".469",".840",".203",".348","0.95","20.9 %","38.6 %","40.6 %","9.3 %","14.3 %",".363","18.4","91","13.3","-11.3","18.4","-3.0","1.8","5.5","118","1.26","-10.53","11.80","-0.2","-14.2","-2.0","0.7","13.1","1.1","13.0 %","61.1 %","25.9 %","43.5 %","","100","144","163","109","111","129","118","98","88","116","131","87","97","116","804"
"Ray Durham","- - -","150","564","659","163","108","34","6","15","114","70","73","1","93","5","10","15","26","7",".289","11.1 %","14.1 %","0.78",".374",".450",".825",".161",".321","1.26","21.6 %","43.6 %","34.7 %","9.8 %","9.1 %",".362","19.8","99","16.9","-8.7","20.1","-3.1","3.5","7.0","121","2.16","-9.73","11.90","7.9","-11.9","2.2","5.4","24.8","0.3","12.6 %","64.8 %","22.6 %","27.5 %","","109","132","87","113","106","100","110","102","103","96","86","86","104","99","230"
"Jorge Posada","Yankees","143","511","598","137","76","40","1","20","79","99","81","9","143","3","0","23","1","0",".268","13.5 %","23.9 %","0.57",".370",".468",".837",".200",".333","1.16","24.1 %","40.8 %","35.1 %","6.9 %","15.4 %",".362","17.6","89","16.6","0.0","18.2","9.7","4.2","2.5","123","1.03","-11.09","12.12","-4.7","9.7","0.2","-1.9","11.8","-3.0","10.0 %","58.1 %","32.0 %","40.8 %","","101","161","147","111","110","124","114","113","96","97","144","68","93","139","841"
"Frank Thomas","White Sox","148","523","628","132","74","29","1","28","77","92","88","2","115","10","0","10","3","0",".252","14.0 %","18.3 %","0.77",".361",".472",".834",".220",".267","0.40","20.8 %","22.5 %","56.7 %","16.0 %","11.8 %",".362","18.5","94","14.4","-0.6","19.1","-15.3","1.4","2.9","119","0.50","-9.87","10.37","-6.1","-15.9","0.6","-7.7","8.3","1.0","17.2 %","56.2 %","26.6 %","36.8 %","","96","166","113","109","111","137","91","98","53","156","111","118","90","116","255"
"Jose Hernandez","Brewers","152","525","582","151","101","24","2","24","72","73","52","5","188","1","0","19","3","5",".288","8.9 %","32.3 %","0.28",".356",".478",".834",".190",".404","1.68","24.3 %","47.5 %","28.2 %","3.2 %","25.3 %",".360","16.6","86","13.5","9.8","17.7","6.5","4.5","2.9","119","0.17","-10.76","10.93","-4.1","16.3","-1.5","-0.5","9.4","-2.1","11.6 %","61.4 %","27.0 %","45.4 %","","108","96","198","105","113","121","136","114","108","81","231","78","98","120","688"
"Scott Hatteberg","Athletics","136","492","569","138","97","22","4","15","58","61","69","1","56","1","1","8","0","0",".280","12.1 %","9.8 %","1.23",".375",".433",".808",".152",".291","1.27","20.4 %","44.6 %","35.0 %","8.5 %","9.8 %",".358","15.2","84","14.7","7.5","17.3","-10.7","3.2","2.2","121","1.83","-8.74","10.56","1.4","-3.2","0.0","-0.3","16.0","1.7","11.0 %","63.2 %","25.8 %","24.6 %","","106","144","61","113","102","95","100","96","105","96","92","75","101","112","916"
"Shannon Stewart","Blue Jays","141","577","641","175","121","38","6","10","103","45","54","2","60","1","0","17","14","2",".303","8.4 %","9.4 %","0.90",".371",".442",".813",".139",".325","1.53","23.9 %","45.9 %","30.1 %","12.8 %","6.4 %",".358","16.8","94","12.4","2.7","19.5","-8.5","3.2","6.3","116","-0.52","-10.37","9.86","3.3","-5.9","1.9","3.3","15.7","-1.9","15.4 %","63.9 %","20.7 %","19.3 %","","115","100","58","112","104","86","111","113","108","83","60","106","102","90","1322"
"Robin Ventura","Yankees","141","465","562","115","71","17","0","27","68","93","90","9","101","5","0","14","3","1",".247","16.0 %","18.0 %","0.89",".368",".458",".826",".211",".257","0.87","16.3 %","38.9 %","44.8 %","9.7 %","16.4 %",".358","14.7","82","13.8","2.7","17.1","1.8","3.7","2.1","120","0.99","-9.27","10.26","-0.6","4.4","0.1","-0.9","13.2","0.2","11.1 %","65.2 %","23.6 %","38.8 %","","94","190","111","111","108","131","88","77","92","123","153","76","104","103","854"
"Corey Koskie","Twins","140","490","576","131","76","37","3","15","71","69","72","4","127","5","0","14","10","11",".267","12.5 %","22.0 %","0.57",".368",".447",".815",".180",".329","1.19","26.7 %","39.8 %","33.5 %","11.4 %","12.2 %",".356","14.5","84","11.4","19.9","17.5","2.0","5.1","4.2","116","2.54","-10.22","12.76","-2.5","21.9","-2.7","0.3","9.0","-0.1","10.3 %","62.0 %","27.7 %","37.2 %","","101","148","136","111","105","112","112","126","94","92","114","71","99","121","738"
"Randy Winn","Devil Rays","152","607","674","181","119","39","9","14","87","75","55","3","109","5","1","9","27","8",".298","8.2 %","16.2 %","0.50",".360",".461",".821",".163",".342","1.50","22.4 %","46.5 %","31.0 %","9.9 %","9.2 %",".356","16.9","98","15.5","1.2","20.5","1.3","4.6","6.6","119","4.35","-11.55","15.90","5.0","2.5","2.0","2.6","20.5","0.4","15.3 %","60.4 %","24.3 %","26.4 %","","113","97","100","108","108","101","117","106","110","85","86","105","97","106","1235"
"Mark Kotsay","Padres","153","578","646","169","118","27","7","17","82","61","59","0","89","4","2","10","11","9",".292","9.1 %","13.8 %","0.66",".359",".452",".810",".159",".319","1.15","24.4 %","40.5 %","35.1 %","6.4 %","9.9 %",".355","15.3","93","17.3","9.3","19.7","2.1","4.9","4.8","121","2.04","-10.67","12.71","-1.2","11.4","-1.6","0.3","16.1","0.1","10.1 %","65.4 %","24.5 %","25.5 %","","110","98","84","106","107","101","108","115","92","101","91","68","104","109","1042"
"Derek Jeter","Yankees","157","644","730","191","147","26","0","18","124","75","73","2","114","3","3","14","32","3",".297","10.0 %","15.6 %","0.64",".373",".421",".794",".124",".336","2.45","22.8 %","54.8 %","22.4 %","2.5 %","15.3 %",".352","15.8","103","14.6","-0.1","22.2","7.0","5.2","5.6","116","1.33","-11.66","12.99","5.9","7.0","5.1","1.3","20.5","-0.5","14.0 %","66.4 %","19.6 %","28.1 %","","112","119","96","112","99","77","115","107","129","62","143","96","106","86","826"
"Scott Spiezio","Angels","153","491","571","140","92","34","2","12","80","82","67","7","52","6","3","12","6","7",".285","11.7 %","9.1 %","1.29",".371",".436",".807",".151",".296","0.71","21.8 %","32.6 %","45.6 %","17.2 %","5.9 %",".352","12.2","81","10.9","10.7","17.4","-9.4","2.8","3.6","116","2.24","-8.98","11.22","-3.4","1.2","-1.8","-1.9","7.6","0.3","16.1 %","63.6 %","20.3 %","22.9 %","","108","139","56","112","103","94","101","103","77","126","55","110","102","89","37"
"Brian Daubach","Red Sox","137","444","506","118","72","24","2","20","62","78","51","4","126","4","0","10","2","1",".266","10.1 %","24.9 %","0.40",".348",".464",".812",".198",".325","0.97","24.6 %","37.1 %","38.3 %","5.7 %","16.3 %",".351","10.5","71","7.8","-9.5","15.4","-8.7","0.4","3.2","112","0.49","-8.83","9.32","-3.2","-18.3","-0.1","-2.7","4.6","-0.4","9.6 %","62.7 %","27.6 %","38.9 %","","101","120","153","105","109","123","111","116","87","105","152","66","100","121","186"
"Mike Lowell","Marlins","160","597","678","165","97","44","0","24","88","92","65","5","92","11","0","16","4","3",".276","9.6 %","13.6 %","0.71",".346",".471",".816",".194",".287","0.63","23.6 %","29.7 %","46.7 %","14.5 %","10.0 %",".350","13.7","95","13.5","-8.8","20.7","2.4","2.7","2.5","116","0.06","-12.71","12.78","-2.2","-6.4","-0.5","-1.6","11.3","-0.1","13.2 %","64.3 %","22.5 %","26.7 %","","104","103","83","102","111","124","97","111","68","134","91","89","103","100","527"
"Troy Glaus","Angels","156","569","671","142","87","24","1","30","99","111","88","4","144","8","0","12","10","3",".250","13.1 %","21.5 %","0.61",".352",".453",".805",".204",".278","0.91","21.2 %","37.4 %","41.3 %","10.6 %","16.8 %",".350","13.4","94","11.9","-4.6","20.4","2.3","3.7","4.2","114","2.10","-11.34","13.45","4.8","-2.3","0.7","3.5","16.7","0.6","11.6 %","62.8 %","25.6 %","39.1 %","","94","156","132","106","107","127","95","100","88","114","157","79","101","112","15"
"Mo Vaughn","Mets","139","487","558","126","82","18","0","26","67","72","59","6","145","2","0","15","0","1",".259","10.6 %","26.0 %","0.41",".349",".456",".805",".197",".314","1.02","24.0 %","38.3 %","37.7 %","8.5 %","20.2 %",".350","10.9","78","10.6","-9.9","17.0","-9.6","0.3","1.3","115","0.81","-10.00","10.81","-5.8","-19.5","-0.5","-3.6","4.8","-1.7","10.3 %","61.5 %","28.2 %","41.2 %","","97","113","159","103","108","125","106","112","88","108","185","69","98","126","899"
"Edgar Renteria","Cardinals","152","544","609","166","117","36","2","11","77","83","49","7","57","5","7","17","22","7",".305","8.0 %","9.4 %","0.86",".364",".439",".803",".134",".322","1.60","22.4 %","47.7 %","29.9 %","8.3 %","7.6 %",".349","11.5","85","10.1","6.6","18.6","6.6","4.1","5.1","113","2.96","-9.84","12.80","-2.5","13.3","1.4","-3.1","7.6","-0.8","12.7 %","63.5 %","23.9 %","19.2 %","","115","86","57","107","104","85","109","105","109","86","70","85","101","107","1178"
"Trot Nixon","Red Sox","152","532","612","136","73","36","3","24","81","94","65","2","109","7","3","7","4","2",".256","10.6 %","17.8 %","0.60",".338",".470",".808",".214",".276","0.83","20.5 %","36.1 %","43.4 %","10.2 %","12.9 %",".349","11.5","85","8.2","3.9","18.6","-6.1","2.7","3.8","111","0.32","-10.08","10.40","0.3","-2.2","-0.1","-1.4","8.5","1.8","13.2 %","62.3 %","24.5 %","32.4 %","","97","126","110","102","111","133","94","97","85","119","121","90","100","107","204"
"Brian Jordan","Dodgers","128","471","515","134","86","27","3","18","65","80","34","3","86","4","0","10","2","2",".285","6.6 %","16.7 %","0.40",".338",".469",".807",".185",".313","1.16","21.6 %","42.2 %","36.2 %","15.6 %","12.8 %",".348","9.2","71","10.7","0.7","15.7","-5.7","2.5","3.5","117","1.31","-8.79","10.10","2.6","-5.0","-0.5","2.2","13.3","0.9","9.3 %","67.4 %","23.4 %","26.8 %","","107","71","102","99","111","118","105","101","96","104","117","62","107","104","658"
"Johnny Damon","Red Sox","154","623","702","178","119","34","11","14","118","63","65","5","70","5","3","4","31","6",".286","9.3 %","10.0 %","0.93",".356",".443",".799",".157",".301","1.29","21.3 %","44.3 %","34.4 %","18.5 %","7.4 %",".348","12.6","97","8.8","2.3","21.4","2.2","4.4","7.9","110","1.30","-10.75","12.05","6.3","4.4","3.6","-0.1","15.2","2.8","17.1 %","64.5 %","18.4 %","21.2 %","","108","110","61","107","104","98","103","100","104","95","69","117","103","80","185"
"Ichiro Suzuki","Mariners","157","647","728","208","165","27","8","8","111","51","68","27","62","5","3","8","31","15",".321","9.3 %","8.5 %","1.10",".388",".425",".813",".104",".344","2.82","24.6 %","55.6 %","19.8 %","8.8 %","7.0 %",".347","12.9","100","15.8","6.7","22.2","-7.0","4.7","6.3","118","1.45","-11.89","13.34","6.3","-0.3","-0.2","4.7","22.1","1.8","19.7 %","60.9 %","19.4 %","19.0 %","","122","111","52","117","100","64","118","116","131","54","66","135","98","84","1101"
"Mike Lieberthal","Phillies","130","476","530","133","87","29","2","15","46","52","38","2","58","2","0","16","0","1",".279","7.2 %","10.9 %","0.66",".349",".443",".792",".164",".291","0.86","20.0 %","37.0 %","43.0 %","14.4 %","8.3 %",".347","9.2","73","7.8","0.0","16.1","9.7","3.1","1.7","112","0.42","-10.26","10.68","-4.0","9.7","-0.5","-2.2","3.9","-1.3","14.8 %","58.0 %","27.2 %","20.9 %","","105","77","67","103","105","104","98","94","85","123","76","100","92","121","959"
"Bret Boone","Mariners","155","608","675","169","108","34","3","24","88","107","53","4","102","6","2","11","12","5",".278","7.9 %","15.1 %","0.52",".339",".462",".801",".184",".297","1.88","20.4 %","52.0 %","27.6 %","7.8 %","17.0 %",".346","11.0","92","13.6","-1.0","20.6","2.2","3.9","4.6","116","1.89","-12.21","14.09","1.7","1.1","0.3","0.2","15.3","1.2","11.6 %","63.4 %","25.1 %","26.5 %","","105","93","93","102","109","114","102","96","122","76","159","79","102","109","1067"
"Adam Kennedy","Angels","144","474","509","148","103","32","6","7","65","52","19","1","80","4","5","5","17","4",".312","3.7 %","15.7 %","0.24",".345",".449",".795",".137",".361","0.87","27.0 %","34.0 %","39.0 %","6.7 %","4.7 %",".345","8.0","69","6.9","2.9","15.5","1.8","3.4","6.5","111","-0.43","-9.10","8.67","5.6","4.7","1.7","2.3","12.5","1.6","13.4 %","64.9 %","21.6 %","20.8 %","","118","44","97","104","106","85","123","127","80","107","44","92","104","94","19"
"Ben Grieve","Devil Rays","136","482","561","121","72","30","0","19","62","64","69","5","121","2","0","15","8","2",".251","12.3 %","21.6 %","0.57",".353",".432",".784",".180",".297","2.20","21.3 %","54.1 %","24.6 %","7.9 %","21.3 %",".344","8.4","76","7.2","-6.4","17.1","-7.1","0.9","3.2","110","-0.18","-10.94","10.76","-3.6","-13.5","0.7","-4.2","3.7","-0.1","10.8 %","63.5 %","25.7 %","37.3 %","","95","146","133","106","102","112","101","100","128","68","200","74","102","112","1209"
"Jermaine Dye","Athletics","131","488","555","123","71","27","1","24","74","86","52","2","108","5","0","15","2","0",".252","9.4 %","19.5 %","0.48",".333",".459",".792",".207",".274","1.01","20.8 %","39.7 %","39.5 %","10.5 %","15.8 %",".343","8.0","75","7.5","-14.9","16.9","-7.0","0.2","3.2","111","0.05","-10.23","10.28","-2.5","-21.9","0.4","-2.1","5.0","-0.8","11.4 %","61.1 %","27.5 %","33.2 %","","95","111","120","101","108","129","94","98","94","109","148","78","98","120","911"
"Todd Zeile","Rockies","144","506","580","138","97","23","0","18","61","87","66","3","92","7","0","27","1","1",".273","11.4 %","15.9 %","0.72",".353",".425",".778",".152",".298","1.67","20.0 %","50.1 %","29.9 %","12.7 %","14.3 %",".341","7.3","77","-8.1","-11.4","17.7","2.0","-0.3","1.4","89","-1.65","-10.84","9.19","-4.6","-9.4","-0.3","0.4","-12.7","-4.7","13.6 %","65.2 %","21.2 %","30.3 %","","103","122","97","104","100","97","100","94","115","86","131","92","104","95","457"
"Todd Walker","Reds","155","612","675","183","127","42","3","11","79","64","50","7","81","3","7","9","8","5",".299","7.4 %","12.0 %","0.62",".353",".431",".785",".132",".329","1.22","22.5 %","42.6 %","34.8 %","3.3 %","6.0 %",".341","8.5","90","3.3","-2.5","20.6","2.3","2.2","3.7","104","0.41","-12.24","12.65","-2.8","-0.2","-0.5","-2.4","0.5","0.1","11.5 %","67.0 %","21.5 %","21.0 %","","112","79","73","104","102","84","111","106","97","100","55","77","107","96","359"
"Mike Cameron","Mariners","158","545","640","130","74","26","5","25","84","80","79","3","176","5","4","8","31","8",".239","12.3 %","27.5 %","0.45",".340",".442",".782",".204",".301","0.79","17.2 %","36.6 %","46.2 %","10.1 %","14.8 %",".341","7.9","85","10.4","11.4","19.5","2.3","5.5","6.6","113","-0.86","-12.89","12.03","9.2","13.6","2.8","4.0","19.6","2.4","13.8 %","60.1 %","26.2 %","43.8 %","","90","147","169","102","104","127","103","81","86","127","138","94","96","114","1070"
"Shea Hillenbrand","Red Sox","156","634","676","186","121","43","4","18","94","83","25","4","95","5","0","18","4","2",".293","3.7 %","14.1 %","0.26",".330",".459",".789",".166",".319","1.46","21.5 %","46.6 %","31.9 %","16.2 %","10.4 %",".340","7.7","89","4.1","-7.5","20.6","2.3","2.2","4.2","105","2.45","-10.63","13.08","0.0","-5.1","-0.1","1.6","4.1","-1.5","17.5 %","58.6 %","23.9 %","20.4 %","","111","44","86","99","108","103","109","102","110","88","97","120","94","104","196"
"Kenny Lofton","- - -","139","532","611","139","89","30","9","11","98","51","72","0","73","1","5","1","29","11",".261","11.8 %","11.9 %","0.99",".350",".414",".763",".152",".285","1.19","18.6 %","44.2 %","37.2 %","10.0 %","6.9 %",".338","6.2","80","3.6","-3.3","18.6","1.9","2.8","7.5","105","1.33","-9.57","10.90","5.1","-1.4","1.1","1.1","8.8","2.9","16.3 %","65.2 %","18.5 %","25.5 %","","99","136","73","105","97","95","97","88","103","104","64","111","104","81","246"
"Jay Gibbons","Orioles","136","490","541","121","63","29","1","28","71","69","45","3","66","4","0","9","1","3",".247","8.3 %","12.2 %","0.68",".311",".482",".792",".235",".233","0.97","17.1 %","40.9 %","42.1 %","13.3 %","15.6 %",".338","5.4","70","5.5","-0.5","16.5","-7.4","1.6","2.5","108","1.70","-9.09","10.79","-0.2","-8.0","-1.1","0.4","5.3","0.5","17.1 %","57.9 %","25.0 %","25.7 %","","93","99","75","94","113","146","80","80","96","116","146","117","93","109","141"
"Jose Valentin","White Sox","135","474","527","118","63","26","4","25","70","75","43","2","99","5","3","9","3","3",".249","8.2 %","18.8 %","0.43",".311",".479",".790",".230",".262","0.80","21.5 %","34.8 %","43.6 %","9.8 %","15.2 %",".337","4.9","68","1.5","11.7","16.1","3.1","3.5","4.1","102","0.39","-8.27","8.66","0.6","14.8","-0.7","0.7","2.1","0.6","15.1 %","58.0 %","26.9 %","31.7 %","","94","97","116","94","113","143","90","102","82","120","143","104","93","117","256"
"David Eckstein","Angels","152","608","702","178","142","22","6","8","107","63","45","0","44","8","14","7","21","13",".293","6.4 %","6.3 %","1.02",".363",".388",".752",".095",".301","1.34","23.2 %","43.9 %","32.8 %","16.0 %","4.4 %",".336","6.1","90","4.6","4.4","21.4","6.2","4.5","6.2","105","-0.32","-12.48","12.16","5.7","10.6","-1.3","4.9","10.2","2.1","19.2 %","67.8 %","13.0 %","13.8 %","","111","76","39","110","91","59","103","110","103","90","41","131","109","57","10"
"Reggie Sanders","Giants","140","505","571","126","74","23","6","23","75","85","47","3","121","7","0","10","18","6",".250","8.2 %","21.2 %","0.39",".324",".455",".779",".206",".280","0.94","21.0 %","38.4 %","40.7 %","10.7 %","14.5 %",".336","4.6","73","4.7","9.2","17.4","-5.8","3.1","6.5","107","0.27","-10.91","11.18","4.0","3.4","1.0","1.9","8.7","1.1","13.9 %","57.4 %","28.7 %","33.5 %","","94","88","130","95","108","131","94","98","88","116","132","93","92","128","1129"
"Juan Encarnacion","- - -","152","584","644","158","107","22","5","24","77","85","46","0","113","7","3","18","21","9",".271","7.1 %","17.5 %","0.41",".324",".449",".773",".178",".295","1.20","21.9 %","42.6 %","35.4 %","10.7 %","14.3 %",".335","4.9","82","2.1","-1.0","19.6","-2.7","1.6","5.5","103","0.90","-11.65","12.55","-3.2","-3.6","0.4","-1.9","-1.1","-1.7","17.7 %","60.9 %","21.4 %","28.4 %","","102","77","107","96","106","113","100","103","97","102","131","119","97","96","320"
"Joe Randa","Royals","151","549","617","155","103","36","5","11","63","80","46","1","69","11","2","13","2","1",".282","7.5 %","11.2 %","0.67",".341",".426",".768",".144",".300","1.20","25.5 %","40.7 %","33.8 %","7.8 %","6.6 %",".335","4.5","79","-2.1","4.7","18.8","-0.1","2.1","3.6","97","-0.91","-11.75","10.84","-2.4","4.6","-0.1","-2.3","-4.5","0.0","11.0 %","67.9 %","21.1 %","20.4 %","","107","89","69","103","100","89","103","120","96","93","62","75","109","92","623"
"Tino Martinez","Cardinals","150","511","576","134","87","25","1","21","63","75","58","9","71","4","1","12","3","2",".262","10.1 %","12.3 %","0.82",".337",".438",".776",".176",".267","1.05","21.4 %","40.3 %","38.3 %","13.5 %","12.4 %",".334","3.8","73","2.5","0.8","17.5","-10.5","1.3","2.6","104","-0.43","-10.01","9.59","1.5","-9.7","-0.3","1.8","4.1","0.0","13.9 %","62.7 %","23.4 %","26.0 %","","99","108","75","99","104","112","90","100","92","110","113","94","100","104","1168"
"Doug Mientkiewicz","Twins","143","467","554","122","82","29","1","10","60","64","74","8","69","7","0","7","1","2",".261","13.4 %","12.5 %","1.07",".365",".392",".756",".131",".284","0.90","21.8 %","37.0 %","41.2 %","10.2 %","6.0 %",".334","3.6","70","0.7","11.9","16.9","-10.1","2.2","2.1","101","0.00","-9.06","9.06","0.3","1.8","-0.7","-0.5","1.0","1.5","12.8 %","66.2 %","21.0 %","27.6 %","","99","159","77","110","92","81","97","103","87","113","56","88","106","92","741"
"David Bell","Giants","154","552","628","144","93","29","2","20","82","73","54","2","80","7","6","18","1","2",".261","8.6 %","12.7 %","0.68",".333",".429",".762",".168",".270","0.88","22.5 %","36.2 %","41.3 %","14.8 %","10.2 %",".333","3.5","79","3.5","5.4","19.1","2.1","3.1","2.8","104","-0.11","-11.19","11.08","-0.9","7.6","-0.7","1.5","2.6","-1.7","13.6 %","61.7 %","24.7 %","24.5 %","","98","92","78","98","102","107","91","106","83","118","93","92","98","110","1108"
"Randall Simon","Tigers","130","482","506","145","108","17","1","19","51","82","13","5","30","7","0","13","0","1",".301","2.6 %","5.9 %","0.43",".320",".459",".779",".158",".286","1.73","21.2 %","50.0 %","28.8 %","18.9 %","14.4 %",".332","2.5","63","3.0","-11.5","15.4","-11.2","-0.8","1.6","105","1.45","-8.87","10.32","-5.3","-22.7","-0.5","-3.4","-2.3","-1.4","18.5 %","60.6 %","20.9 %","12.3 %","","114","31","36","97","108","98","98","100","118","79","135","127","97","91","497"
"Preston Wilson","Marlins","141","510","582","124","77","22","2","23","80","65","58","3","140","3","2","17","20","11",".243","10.0 %","24.1 %","0.41",".329",".429",".759",".186",".289","1.36","17.5 %","47.6 %","34.9 %","13.8 %","17.7 %",".332","2.7","73","2.5","-2.9","17.7","2.0","1.9","5.1","103","0.42","-10.64","11.06","-1.9","-0.9","-0.7","0.5","0.6","-1.7","15.2 %","58.7 %","26.1 %","38.0 %","","91","107","147","97","102","119","97","82","109","100","162","103","93","117","545"
"Omar Vizquel","Indians","151","582","663","160","110","31","5","14","85","72","56","3","64","10","7","7","18","10",".275","8.4 %","9.7 %","0.88",".341",".418",".759",".143",".284","0.90","20.5 %","37.6 %","41.9 %","13.0 %","6.5 %",".331","3.1","83","1.7","-3.0","20.2","6.6","3.3","5.3","102","1.92","-10.67","12.58","5.2","3.7","-0.6","3.0","6.8","2.8","18.5 %","63.6 %","17.9 %","20.2 %","","104","100","59","103","98","89","97","97","89","115","61","127","102","78","411"
"Robert Fick","Tigers","148","556","614","150","95","36","2","17","66","63","46","4","90","5","0","17","0","1",".270","7.5 %","14.7 %","0.51",".331",".433",".764",".164",".293","0.92","22.1 %","37.2 %","40.6 %","9.4 %","8.9 %",".331","2.8","77","3.4","2.0","18.7","-6.8","1.8","2.1","105","-0.63","-10.84","10.21","-1.9","-4.8","-0.5","-0.3","1.6","-1.1","9.6 %","65.4 %","25.1 %","24.9 %","","102","89","90","100","102","102","100","104","88","112","83","65","105","109","466"
"Moises Alou","Cubs","132","484","534","133","94","23","1","15","50","61","47","4","61","3","0","15","8","0",".275","8.8 %","11.4 %","0.77",".337",".419",".757",".145",".287","1.04","23.0 %","39.2 %","37.8 %","9.9 %","9.3 %",".330","1.8","66","0.6","3.4","16.3","-5.6","1.4","3.8","101","-1.74","-10.26","8.53","-2.2","-2.2","1.6","-2.9","-1.6","-0.9","11.0 %","63.2 %","25.8 %","23.0 %","","103","94","70","99","99","92","97","108","90","108","85","74","101","115","261"
"Marty Cordova","Orioles","131","458","513","116","71","25","2","18","55","64","47","3","111","3","2","17","1","6",".253","9.2 %","21.6 %","0.42",".325",".434",".759",".181",".295","1.21","18.6 %","44.6 %","36.9 %","14.0 %","14.0 %",".330","1.6","63","1.7","1.3","15.6","-9.2","0.7","2.8","103","-1.34","-9.87","8.52","-4.7","-8.0","-2.4","-1.1","-3.0","-1.2","15.6 %","57.7 %","26.7 %","34.3 %","","96","109","133","98","102","113","101","88","105","101","131","107","92","116","132"
"Melvin Mora","Orioles","149","557","652","130","77","30","4","19","86","64","70","2","108","4","1","7","16","10",".233","10.7 %","16.6 %","0.65",".338",".404",".742",".171",".256","0.77","21.8 %","34.1 %","44.1 %","10.3 %","9.8 %",".329","1.8","80","1.9","7.0","19.9","-1.3","3.0","5.3","102","-0.99","-12.71","11.73","0.7","5.6","-1.0","1.2","2.6","0.5","14.5 %","61.7 %","23.8 %","30.2 %","","88","128","102","102","95","106","88","103","80","121","92","99","99","104","157"
"Jose Cruz","Blue Jays","124","466","522","114","65","26","5","18","64","70","51","1","106","4","1","8","7","1",".245","9.8 %","20.3 %","0.48",".317",".438",".754",".193",".277","1.01","22.2 %","39.1 %","38.8 %","9.3 %","12.9 %",".327","0.5","63","-3.1","8.8","15.9","-4.3","2.4","5.4","95","0.59","-8.22","8.81","4.9","4.4","1.0","2.7","1.8","1.2","14.0 %","57.8 %","28.2 %","33.5 %","","93","116","125","96","103","120","95","104","92","107","120","96","93","123","1296"
"Vernon Wells","Blue Jays","159","608","648","167","106","34","4","23","87","100","27","0","85","8","2","15","9","4",".275","4.2 %","13.1 %","0.32",".305",".457",".762",".183",".283","1.07","23.4 %","39.6 %","37.0 %","12.2 %","11.7 %",".327","0.6","78","-3.9","-6.1","19.7","1.5","1.4","5.1","95","0.14","-11.08","11.22","0.3","-4.5","0.1","0.3","-3.6","-0.1","12.7 %","63.9 %","23.4 %","20.8 %","","104","49","81","92","108","113","97","110","93","102","110","87","102","102","1326"
"Tony Batista","Orioles","161","615","682","150","82","36","1","31","90","87","50","9","107","6","0","13","5","4",".244","7.3 %","15.7 %","0.47",".309",".457",".766",".213",".246","0.53","15.2 %","29.4 %","55.4 %","18.9 %","10.9 %",".326","0.2","82","0.3","-15.5","20.8","1.6","0.9","3.2","100","-0.99","-13.55","12.56","-0.6","-13.9","-0.7","0.2","-0.3","-0.1","17.5 %","57.0 %","25.5 %","27.6 %","","92","87","97","93","107","132","84","72","69","153","102","120","91","111","124"
"Aaron Boone","Reds","162","606","685","146","80","38","2","26","83","87","56","4","111","4","9","9","32","8",".241","8.2 %","16.2 %","0.50",".314",".439",".753",".198",".254","1.06","18.5 %","42.0 %","39.6 %","11.3 %","13.3 %",".326","-0.2","82","-5.4","2.4","20.9","2.7","2.8","5.8","94","1.49","-12.10","13.59","5.8","5.1","3.0","1.5","0.4","1.3","15.0 %","60.0 %","25.0 %","28.2 %","","91","88","99","92","104","126","86","87","96","113","122","101","96","112","311"
"Luis Castillo","Marlins","146","606","668","185","160","18","5","2","86","39","55","4","76","1","4","7","48","15",".305","8.2 %","11.4 %","0.72",".364",".361",".726",".056",".346","3.69","19.2 %","63.6 %","17.2 %","4.5 %","2.3 %",".325","-0.4","80","-0.6","-5.3","20.4","2.2","2.5","6.4","99","1.89","-11.12","13.02","6.8","-3.1","3.2","2.4","6.3","1.2","16.1 %","71.3 %","12.6 %","19.9 %","","115","88","70","107","85","36","117","90","145","49","21","109","114","56","513"
"Michael Tucker","Royals","144","475","543","118","73","27","6","12","65","56","56","1","105","2","7","5","23","9",".248","10.3 %","19.3 %","0.53",".330",".406",".737",".158",".294","1.10","23.1 %","40.3 %","36.6 %","10.8 %","9.2 %",".325","-0.5","65","-6.4","-0.1","16.5","-6.4","0.9","6.6","90","-0.22","-10.34","10.12","3.3","-6.5","0.8","0.3","-3.1","2.2","12.7 %","60.7 %","26.7 %","31.9 %","","94","122","119","100","96","98","101","109","95","101","86","87","97","116","635"
"Craig Biggio","Astros","145","577","655","146","92","36","3","15","96","58","50","2","111","2","9","15","16","2",".253","7.6 %","16.9 %","0.45",".330",".404",".734",".151",".289","1.46","18.2 %","48.5 %","33.3 %","14.8 %","9.7 %",".324","-1.1","78","-7.1","0.6","20.0","2.1","1.9","6.2","91","-0.20","-11.61","11.41","1.9","2.7","2.3","1.0","-5.2","-1.4","16.6 %","62.6 %","20.8 %","26.9 %","","95","82","104","97","95","96","98","86","111","95","89","112","100","93","549"
"Benito Santiago","Giants","126","478","517","133","88","24","5","16","56","74","27","8","73","7","3","19","4","2",".278","5.2 %","14.1 %","0.37",".315",".450",".765",".172",".295","1.53","21.2 %","47.7 %","31.1 %","9.4 %","12.5 %",".324","-1.0","61","-0.9","0.0","15.8","9.1","2.2","4.2","99","-0.34","-9.61","9.27","-3.3","9.1","-0.1","-2.0","-4.2","-1.2","11.1 %","63.4 %","25.5 %","22.4 %","","105","56","86","93","106","109","100","99","109","89","114","75","101","114","1130"
"Placido Polanco","- - -","147","548","595","158","115","32","2","9","75","49","26","1","41","0","13","15","5","3",".288","4.4 %","6.9 %","0.63",".330",".403",".733",".115",".299","1.99","24.0 %","50.6 %","25.4 %","10.3 %","7.1 %",".323","-1.5","70","-2.9","9.4","18.1","2.4","2.9","4.0","96","0.04","-10.34","10.38","0.9","11.8","-0.3","1.6","-2.0","-0.4","13.5 %","66.4 %","20.1 %","12.8 %","","108","47","42","97","95","73","101","112","116","73","65","91","106","90","1176"
"Jeffrey Hammonds","Brewers","128","448","510","115","75","26","5","9","47","41","52","0","86","7","1","13","4","5",".257","10.2 %","16.9 %","0.60",".332",".397",".729",".141",".294","0.97","20.7 %","39.0 %","40.3 %","10.8 %","6.1 %",".322","-1.8","59","-4.4","-8.7","15.5","-1.2","0.0","3.8","93","-0.91","-9.66","8.75","-2.3","-9.9","-1.3","-0.5","-6.8","-0.5","14.3 %","62.2 %","23.5 %","28.8 %","","97","109","103","98","94","89","99","97","89","116","56","97","99","105","687"
"Paul Lo Duca","Dodgers","149","580","632","163","114","38","1","10","74","64","34","2","31","4","4","20","3","1",".281","5.4 %","4.9 %","1.10",".330",".402",".731",".121",".282","1.35","23.5 %","44.0 %","32.5 %","11.8 %","5.6 %",".321","-2.4","73","-0.7","-0.9","19.3","9.6","2.4","3.1","99","-0.76","-11.50","10.74","-4.6","8.7","0.1","-2.1","-5.3","-2.6","13.0 %","68.8 %","18.2 %","11.9 %","","106","58","30","97","95","77","95","110","100","93","51","88","110","81","662"
"Raul Mondesi","- - -","146","569","637","132","71","34","1","26","90","88","59","3","103","4","0","11","15","6",".232","9.3 %","16.2 %","0.57",".308",".432",".740",".200",".239","0.97","16.4 %","41.2 %","42.4 %","16.6 %","13.1 %",".321","-2.8","74","-5.6","-16.7","19.4","-6.9","-0.4","4.7","93","-1.80","-12.42","10.62","3.7","-23.6","0.4","1.6","-1.9","1.7","13.4 %","64.2 %","22.4 %","29.5 %","","88","110","100","93","102","125","82","77","97","117","122","92","103","98","1314"
"Kevin Young","Pirates","146","468","525","115","72","26","1","16","60","51","50","2","101","3","0","13","4","6",".246","9.5 %","19.2 %","0.50",".322",".408",".730",".162",".280","0.61","23.0 %","29.3 %","47.7 %","10.2 %","9.1 %",".320","-2.4","61","-5.1","2.9","16.0","-9.7","0.5","2.8","92","-0.76","-10.09","9.33","-0.4","-6.8","-1.8","1.6","-5.5","-0.2","14.1 %","60.3 %","25.7 %","31.8 %","","92","102","118","95","96","103","94","108","67","137","83","95","96","115","1018"
"Jason Varitek","Red Sox","132","467","519","124","86","27","1","10","58","61","41","3","95","3","1","13","4","3",".266","7.9 %","18.3 %","0.43",".332",".392",".724",".126",".312","1.20","22.0 %","42.5 %","35.5 %","10.7 %","7.6 %",".319","-2.9","59","-5.7","0.0","15.8","9.0","1.9","3.2","91","-0.14","-8.48","8.34","-1.6","9.0","-0.5","-1.2","-7.3","0.1","14.1 %","61.0 %","24.9 %","28.1 %","","100","94","113","100","92","79","107","104","100","98","71","96","98","109","217"
"Steve Cox","Devil Rays","148","560","633","142","95","30","1","16","65","72","60","5","116","6","0","15","5","0",".254","9.5 %","18.3 %","0.52",".330",".396",".727",".143",".290","1.13","21.8 %","41.6 %","36.7 %","15.2 %","9.7 %",".319","-3.7","72","-5.0","-3.6","19.3","-12.1","0.0","3.5","94","-2.26","-12.83","10.57","-1.2","-15.6","1.0","-1.7","-6.2","-0.5","16.0 %","61.6 %","22.4 %","30.3 %","","96","113","113","100","93","89","99","103","98","101","91","109","99","98","1200"
"Jason Kendall","Pirates","145","545","605","154","123","25","3","3","59","44","49","1","29","2","0","11","15","8",".283","8.1 %","4.8 %","1.69",".350",".356",".706",".073",".293","1.87","23.4 %","49.9 %","26.7 %","10.1 %","2.2 %",".318","-3.7","69","-6.9","0.0","18.4","10.2","2.2","4.4","91","-0.39","-10.58","10.19","-0.9","10.2","-0.4","-1.3","-7.8","0.8","14.3 %","71.4 %","14.3 %","13.4 %","","106","87","29","103","84","47","99","110","114","76","20","96","114","64","993"
"Alex Gonzalez","Cubs","142","513","568","127","77","27","5","18","58","61","46","7","136","2","4","11","5","3",".248","8.1 %","23.9 %","0.34",".312",".425",".737",".177",".302","1.27","22.8 %","43.2 %","34.0 %","13.3 %","14.1 %",".317","-4.2","64","-5.5","-4.8","17.3","6.4","1.0","4.3","92","1.02","-10.69","11.71","-4.3","1.6","-0.3","-3.8","-9.8","-0.2","15.1 %","59.5 %","25.3 %","35.2 %","","93","87","147","92","100","113","102","107","99","97","129","102","95","113","281"
"Eric Karros","Dodgers","142","524","573","142","102","26","1","13","52","73","37","1","74","6","0","11","4","2",".271","6.5 %","12.9 %","0.50",".323",".399",".722",".128",".291","1.26","23.7 %","42.5 %","33.8 %","11.0 %","8.4 %",".317","-4.3","65","-2.7","9.7","17.5","-10.2","1.4","2.5","96","1.42","-9.95","11.37","-1.3","-0.5","-0.1","-1.5","-4.0","0.3","12.1 %","67.5 %","20.4 %","21.6 %","","102","69","79","95","94","81","98","111","97","97","77","81","108","91","659"
"Eric Young","Brewers","138","496","553","139","104","29","3","3","57","28","39","0","38","4","8","14","31","11",".280","7.1 %","6.9 %","1.03",".338",".369",".707",".089",".296","1.43","20.0 %","47.1 %","32.9 %","8.2 %","2.1 %",".315","-4.8","62","-7.7","-0.3","16.8","1.5","1.0","5.7","89","-2.12","-10.97","8.86","-1.3","1.2","1.5","-0.8","-9.0","-2.0","17.5 %","68.2 %","14.3 %","14.5 %","","105","76","42","99","87","56","100","94","108","94","19","118","109","64","716"
"Travis Lee","Phillies","153","536","592","142","101","26","2","13","55","70","54","10","104","2","0","12","5","3",".265","9.1 %","17.6 %","0.52",".331",".394",".725",".129",".306","1.30","22.9 %","43.5 %","33.6 %","11.7 %","9.0 %",".315","-5.5","66","-7.0","7.3","18.0","-10.6","0.7","3.0","91","-0.18","-12.30","12.12","-1.9","-3.2","-0.3","-2.3","-8.9","0.7","11.5 %","62.9 %","25.6 %","28.9 %","","100","98","108","97","93","82","103","107","99","96","82","78","100","114","958"
"Carlos Guillen","Mariners","134","475","528","124","85","24","6","9","73","56","46","4","91","3","3","8","4","5",".261","8.7 %","17.2 %","0.51",".326",".394",".719",".133",".304","1.08","21.1 %","41.0 %","37.9 %","9.7 %","6.2 %",".315","-4.9","59","-2.8","-6.4","16.1","5.4","1.5","5.0","96","0.21","-9.96","10.18","0.8","-1.0","-1.3","0.8","-2.1","1.3","14.9 %","62.8 %","22.3 %","27.7 %","","99","103","106","98","93","82","104","100","97","104","58","102","101","97","1079"
"Rafael Furcal","Braves","154","636","693","175","128","31","8","8","95","47","43","0","114","2","9","8","27","15",".275","6.2 %","16.5 %","0.38",".323",".387",".710",".112",".324","2.06","19.5 %","54.1 %","26.3 %","9.4 %","6.3 %",".313","-7.1","76","-10.1","4.5","21.1","6.8","2.7","6.5","88","-0.74","-12.00","11.25","2.8","11.3","-0.9","3.8","-7.3","-0.1","18.6 %","61.3 %","20.1 %","23.8 %","","104","66","101","95","91","71","109","91","124","75","58","126","98","90","88"
"Adrian Beltre","Dodgers","159","587","635","151","99","26","5","21","70","75","37","4","96","6","1","17","7","5",".257","5.8 %","15.1 %","0.39",".303",".426",".729",".169",".273","0.97","17.9 %","40.4 %","41.6 %","9.7 %","10.1 %",".313","-6.5","70","-4.8","21.7","19.3","2.4","4.0","4.4","94","0.09","-11.23","11.32","-0.2","24.1","-0.7","1.1","-5.0","-0.6","18.1 %","60.0 %","21.9 %","24.3 %","","97","62","93","89","101","107","92","84","92","119","93","122","96","98","639"
"Roberto Alomar","Mets","149","590","655","157","118","24","4","11","73","53","57","4","83","1","6","12","16","4",".266","8.7 %","12.7 %","0.69",".331",".376",".708",".110",".294","1.54","21.3 %","47.7 %","31.0 %","9.2 %","7.2 %",".313","-6.9","72","-7.3","-1.3","20.0","2.2","1.4","5.2","91","0.06","-10.91","10.98","-1.0","0.9","1.5","-2.8","-8.3","0.3","10.3 %","68.6 %","21.1 %","23.1 %","","100","93","78","98","89","70","99","100","109","89","66","70","109","94","860"
"Rich Aurilia","Giants","133","538","589","138","86","35","2","15","76","61","37","0","90","7","3","15","1","2",".257","6.3 %","15.3 %","0.41",".305",".413",".718",".156",".280","0.68","19.2 %","32.6 %","48.2 %","13.0 %","6.9 %",".313","-6.5","64","-6.5","6.4","17.9","5.8","2.3","3.1","91","-1.53","-10.47","8.95","-2.2","12.2","-0.7","-1.1","-8.6","-0.4","14.9 %","65.3 %","19.9 %","24.1 %","","96","67","94","90","98","99","94","90","74","138","64","100","104","89","1106"
"Orlando Cabrera","Expos","153","563","626","148","97","43","1","7","64","56","48","4","53","4","9","16","25","7",".263","7.7 %","8.5 %","0.91",".321",".380",".701",".117",".278","1.24","21.0 %","43.7 %","35.3 %","13.3 %","3.9 %",".308","-9.3","66","-14.7","-0.6","19.1","7.0","1.7","4.8","81","-0.90","-11.78","10.88","5.1","6.4","2.0","2.6","-9.6","0.5","18.7 %","61.2 %","20.1 %","17.3 %","","99","82","52","94","90","75","94","98","100","101","36","126","97","90","766"
"Darin Erstad","Angels","150","625","663","177","135","28","4","10","99","73","27","4","67","4","5","9","23","3",".283","4.1 %","10.1 %","0.40",".313",".389",".702",".106",".303","1.59","21.5 %","48.1 %","30.3 %","13.6 %","5.9 %",".305","-11.2","68","-12.7","18.2","20.2","1.6","3.6","6.6","84","1.05","-11.28","12.32","6.6","19.8","3.3","0.3","-6.1","3.0","16.9 %","63.0 %","20.1 %","15.7 %","","107","48","62","94","91","66","104","102","113","84","55","116","101","88","11"
"Juan Pierre","Rockies","152","592","640","170","144","20","5","1","90","35","31","0","52","0","8","7","47","12",".287","4.8 %","8.1 %","0.60",".332",".343",".675",".056",".314","3.33","19.4 %","62.0 %","18.6 %","8.9 %","1.1 %",".304","-11.7","65","-28.8","14.1","19.5","2.1","1.8","7.3","64","-2.38","-11.13","8.74","9.7","16.2","4.3","5.1","-19.1","0.3","18.4 %","68.3 %","13.3 %","13.1 %","","108","52","50","98","81","35","106","91","142","53","10","124","109","59","443"
"Michael Young","Rangers","156","573","633","150","107","26","8","9","77","62","41","1","112","6","13","14","6","7",".262","6.5 %","17.7 %","0.37",".308",".382",".690",".120",".308","1.73","22.4 %","49.2 %","28.4 %","2.3 %","6.8 %",".302","-12.3","64","-18.9","6.3","19.3","2.3","1.0","5.0","76","-2.10","-11.23","9.13","-0.9","8.6","-1.8","1.8","-19.8","-0.9","8.1 %","68.8 %","23.1 %","25.6 %","","99","77","109","93","90","75","105","105","116","78","64","56","110","101","1286"
"Fernando Vina","Cardinals","150","622","692","168","133","29","5","1","75","54","44","2","36","7","1","11","17","11",".270","6.4 %","5.2 %","1.22",".333",".338",".670",".068",".282","1.59","21.0 %","48.5 %","30.6 %","8.7 %","0.6 %",".302","-13.9","69","-15.4","-1.1","21.1","2.3","0.5","5.1","82","0.16","-11.23","11.39","-2.9","1.2","-1.3","-1.1","-18.3","-0.5","14.9 %","71.6 %","13.5 %","11.7 %","","102","68","32","98","80","43","95","98","111","88","5","100","114","60","1189"
"Tony Womack","Diamondbacks","153","590","652","160","127","23","5","5","90","57","46","2","80","6","6","9","29","12",".271","7.1 %","12.3 %","0.58",".325",".353",".678",".081",".303","1.59","24.9 %","46.0 %","29.0 %","16.1 %","3.5 %",".301","-13.2","65","-20.3","-7.1","19.9","6.5","0.7","6.3","75","-1.19","-11.17","9.98","6.9","-0.6","0.7","5.2","-13.4","1.0","19.6 %","67.4 %","13.1 %","20.1 %","","102","76","75","96","83","52","102","117","105","83","32","132","107","58","78"
"Jimmy Rollins","Phillies","154","637","705","156","102","33","10","11","82","60","54","3","103","4","6","14","31","13",".245","7.7 %","14.6 %","0.52",".306",".380",".686",".135",".275","1.21","20.1 %","43.7 %","36.2 %","12.7 %","5.8 %",".301","-14.6","70","-16.4","-3.3","21.5","6.9","1.5","7.1","81","-0.24","-14.08","13.84","4.9","3.6","0.7","5.1","-11.5","-0.9","14.6 %","62.0 %","23.4 %","23.8 %","","92","82","89","90","90","86","93","94","100","104","53","98","99","105","971"
"Jeromy Burnitz","Mets","154","479","550","103","69","15","0","19","65","54","58","5","135","2","1","11","10","7",".215","10.5 %","24.5 %","0.43",".311",".365",".677",".150",".257","0.84","17.8 %","37.6 %","44.6 %","16.3 %","12.4 %",".300","-11.5","55","-11.9","5.6","16.8","-6.0","0.7","3.4","83","-1.13","-10.44","9.31","1.1","-0.4","-1.0","1.5","-10.8","0.6","18.2 %","58.4 %","23.4 %","38.6 %","","81","113","150","92","86","96","87","83","86","128","114","123","93","104","867"
"Terrence Long","Athletics","162","587","640","141","89","32","4","16","71","67","48","6","96","3","0","17","3","6",".240","7.5 %","15.0 %","0.50",".298",".390",".689",".150",".262","1.27","23.9 %","42.5 %","33.6 %","9.0 %","9.6 %",".299","-14.5","62","-15.0","-2.9","19.5","2.4","0.6","3.5","81","0.14","-11.20","11.35","-0.5","-0.4","-2.0","2.9","-15.5","-1.4","14.8 %","61.1 %","24.1 %","25.0 %","","91","89","92","90","92","93","89","113","100","92","90","101","98","105","927"
"Marlon Anderson","Phillies","145","539","592","139","95","30","6","8","64","48","42","14","71","4","2","16","5","1",".258","7.1 %","12.0 %","0.59",".315",".380",".696",".122",".282","1.72","19.7 %","50.8 %","29.5 %","16.3 %","5.9 %",".298","-13.8","57","-15.3","-3.8","18.0","2.1","0.3","5.0","79","-1.96","-11.75","9.79","0.2","-1.7","0.5","0.8","-15.0","-1.1","16.5 %","59.4 %","24.1 %","20.4 %","","97","76","73","93","90","78","95","92","116","85","54","111","95","108","947"
"Roger Cedeno","Mets","149","511","562","133","105","19","2","7","65","41","42","1","92","2","5","10","25","4",".260","7.5 %","16.4 %","0.46",".318",".346",".664",".086",".304","2.02","22.1 %","52.1 %","25.8 %","6.6 %","6.6 %",".297","-13.4","54","-13.7","-5.6","17.1","-5.6","-0.3","5.8","80","-0.59","-9.61","9.01","3.8","-11.2","3.3","1.3","-10.0","-0.8","13.6 %","69.3 %","17.1 %","25.1 %","","98","80","100","94","82","55","103","104","119","74","60","92","110","76","869"
"Corey Patterson","Cubs","153","592","628","150","101","30","5","14","71","54","19","1","142","5","4","8","18","3",".253","3.0 %","22.6 %","0.13",".284",".392",".676",".139",".308","1.52","20.1 %","48.2 %","31.7 %","15.7 %","10.0 %",".293","-17.1","58","-18.5","-5.3","19.1","2.1","0.2","6.4","76","-1.84","-12.24","10.40","3.6","-3.2","2.3","0.1","-14.9","1.2","19.2 %","59.5 %","21.4 %","27.9 %","","95","32","138","83","93","88","104","94","110","91","92","129","95","95","300"
"Cristian Guzman","Twins","148","623","656","170","124","31","6","9","80","59","17","2","79","6","8","12","12","13",".273","2.6 %","12.0 %","0.22",".292",".385",".677",".112",".298","2.24","20.7 %","54.9 %","24.4 %","16.0 %","6.9 %",".293","-17.9","61","-21.3","2.9","20.0","6.5","1.1","5.2","74","-1.36","-12.57","11.21","0.6","9.4","-3.1","3.4","-20.7","0.3","19.4 %","62.5 %","18.1 %","16.0 %","","103","31","74","88","91","70","102","98","129","67","64","132","100","79","728"
"Barry Larkin","Reds","145","507","567","124","78","37","2","7","72","47","44","9","57","7","6","13","13","4",".245","7.8 %","10.1 %","0.77",".305",".367",".672",".122",".260","1.24","18.0 %","45.4 %","36.6 %","9.6 %","4.2 %",".290","-16.7","51","-21.0","-6.8","17.3","5.6","-0.1","5.3","70","-1.85","-10.35","8.50","2.8","-1.2","0.9","3.6","-18.3","-1.7","13.2 %","67.6 %","19.2 %","19.1 %","","92","83","62","90","87","78","88","84","104","105","38","89","108","86","335"
"Mark Grudzielanek","Dodgers","150","536","566","145","113","23","0","9","56","50","22","4","89","4","1","17","4","1",".271","3.9 %","15.7 %","0.25",".301",".364",".665",".093",".308","1.39","23.7 %","44.3 %","31.9 %","10.4 %","6.3 %",".290","-16.7","51","-15.2","9.6","17.2","2.0","1.2","2.9","79","-1.03","-11.15","10.12","-2.9","11.6","0.3","-1.3","-18.0","-1.9","12.0 %","70.4 %","17.7 %","21.2 %","","102","42","96","89","86","59","104","111","101","91","57","81","112","79","653"
"Deivi Cruz","Padres","151","514","547","135","98","28","2","7","49","47","22","2","58","5","3","20","2","3",".263","4.0 %","10.6 %","0.38",".294",".366",".660",".103",".282","1.50","22.3 %","46.6 %","31.0 %","10.5 %","4.9 %",".288","-17.1","49","-15.4","-5.0","16.7","6.0","-0.5","2.7","78","-0.78","-10.17","9.39","-7.9","0.9","-0.9","-3.8","-23.3","-3.2","11.2 %","72.3 %","16.6 %","15.9 %","","99","43","65","87","86","66","95","105","107","89","45","75","115","74","1025"
"Aramis Ramirez","Pirates","142","522","570","122","78","26","0","18","51","71","29","3","95","11","0","17","2","0",".234","5.1 %","16.7 %","0.31",".279",".387",".666",".153",".248","0.86","19.9 %","37.0 %","43.2 %","14.3 %","9.5 %",".287","-18.3","50","-21.2","-5.7","17.4","1.5","-0.9","2.2","70","-0.86","-11.41","10.56","-1.8","-4.2","0.4","-1.8","-23.0","-0.4","13.5 %","62.5 %","24.0 %","24.9 %","","88","55","102","82","91","98","84","93","85","124","87","91","100","107","1002"
"Jack Wilson","Pirates","147","527","586","133","103","22","4","4","77","47","37","2","74","1","17","7","5","2",".252","6.3 %","12.6 %","0.50",".306",".332",".638",".080",".287","1.27","17.3 %","46.2 %","36.5 %","12.7 %","2.5 %",".285","-19.9","51","-22.9","-4.1","17.9","6.1","0.4","5.0","69","0.44","-8.90","9.35","6.2","2.0","0.1","3.5","-16.7","2.6","20.2 %","66.6 %","13.2 %","19.6 %","","95","68","77","90","79","51","97","81","106","105","23","136","106","59","1017"
"Jeff Cirillo","Mariners","146","485","547","121","95","20","0","6","51","54","31","0","67","9","13","12","8","4",".249","5.7 %","12.2 %","0.46",".301",".328",".629",".078",".273","0.95","18.7 %","39.7 %","41.6 %","13.8 %","3.4 %",".282","-20.0","46","-17.8","10.0","16.7","1.5","1.0","3.3","74","-1.54","-9.53","7.98","-2.0","11.5","-0.1","-2.2","-19.8","0.3","19.3 %","63.5 %","17.2 %","19.0 %","","94","67","75","91","77","49","93","88","94","115","32","132","102","75","1073"
"Juan Uribe","Rockies","155","566","618","136","98","25","7","6","69","49","34","1","120","6","7","17","9","2",".240","5.5 %","19.4 %","0.28",".286",".341",".627",".101",".291","1.38","23.1 %","44.6 %","32.4 %","11.0 %","4.1 %",".277","-25.0","49","-41.4","-2.9","18.8","6.8","-1.6","6.1","46","-1.78","-10.46","8.68","1.0","3.9","0.9","2.4","-40.4","-2.3","19.1 %","63.7 %","17.2 %","25.9 %","","90","59","119","84","81","64","98","108","102","93","38","129","101","77","454"
"Brent Abernathy","Devil Rays","117","463","504","112","88","18","4","2","46","40","25","0","46","2","8","8","10","4",".242","5.0 %","9.1 %","0.54",".288",".311",".599",".069",".264","1.47","19.6 %","47.8 %","32.6 %","17.0 %","1.5 %",".269","-23.6","37","-24.7","3.3","15.4","1.6","-0.3","5.1","60","-1.93","-10.36","8.44","-0.2","4.9","0.3","-0.5","-24.9","0.0","20.4 %","66.5 %","13.1 %","14.5 %","","92","59","56","87","73","43","90","92","113","90","14","139","107","57","1192"
"Vinny Castilla","Braves","143","543","578","126","89","23","2","12","56","61","22","4","69","6","0","22","4","1",".232","3.8 %","11.9 %","0.32",".268",".348",".616",".116",".244","1.09","19.2 %","42.1 %","38.8 %","14.5 %","6.5 %",".267","-27.9","42","-30.4","-1.4","17.6","2.1","-1.5","3.8","58","-2.89","-11.51","8.62","-3.9","0.7","0.4","-2.4","-34.4","-1.9","13.3 %","66.5 %","20.2 %","17.8 %","","87","41","73","79","82","74","82","90","96","111","59","90","106","90","84"
"Neifi Perez","Royals","145","554","585","131","104","20","4","3","65","37","20","2","53","6","5","11","8","9",".236","3.4 %","9.1 %","0.38",".260",".303",".564",".067",".254","1.03","21.6 %","39.7 %","38.7 %","13.7 %","1.6 %",".247","-38.0","32","-44.2","-11.7","17.8","6.3","-2.9","4.9","39","-6.86","-13.13","6.26","0.7","-5.4","-2.2","2.9","-43.6","0.0","16.0 %","66.6 %","17.4 %","13.0 %","","89","41","56","79","71","42","87","102","94","106","15","110","107","76","620"
